pid,model_id,cosmetics,rating,cosmetics_code
44,1,without,2,0
44,2,with,5,1
44,3,without,5,0
44,4,without,3,0
44,5,without,3,0
44,6,without,3,0
44,7,without,6,0
44,8,without,5,0
44,9,without,2,0
44,10,without,2,0
44,11,with,3,1
44,12,with,3,1
44,13,without,5,0
44,14,without,3,0
44,15,without,5,0
44,16,with,5,1
44,17,with,3,1
44,18,with,1,1
44,19,with,5,1
44,20,without,3,0
44,21,with,4,1
44,22,without,4,0
44,23,with,3,1
44,24,with,3,1
44,25,with,6,1
44,26,with,2,1
44,27,without,3,0
44,28,without,4,0
44,29,with,4,1
44,30,without,3,0
44,31,with,3,1
44,32,without,3,0
44,33,with,1,1
61,1,with,3,1
61,2,without,4,0
61,3,with,5,1
61,4,without,3,0
61,5,with,3,1
61,6,without,2,0
61,7,with,2,1
61,8,with,6,1
61,9,with,5,1
61,10,without,2,0
61,11,without,2,0
61,12,with,3,1
61,13,with,2,1
61,14,without,2,0
61,15,without,4,0
61,16,with,3,1
61,17,without,3,0
61,18,without,3,0
61,19,with,4,1
61,20,with,5,1
61,21,without,3,0
61,22,with,6,1
61,23,without,4,0
61,24,with,5,1
61,25,without,2,0
61,26,without,5,0
61,27,without,2,0
61,28,without,2,0
61,29,with,3,1
61,30,with,3,1
61,31,without,3,0
61,32,with,5,1
61,33,without,3,0
68,1,without,1,0
68,2,without,2,0
68,3,without,6,0
68,4,with,7,1
68,5,with,6,1
68,6,with,4,1
68,7,without,3,0
68,8,without,4,0
68,9,without,2,0
68,10,with,2,1
68,11,with,4,1
68,12,without,6,0
68,13,without,1,0
68,14,without,2,0
68,15,with,2,1
68,16,without,5,0
68,17,without,1,0
68,18,without,2,0
68,19,with,5,1
68,20,without,1,0
68,21,with,7,1
68,22,without,2,0
68,23,with,2,1
68,24,without,2,0
68,25,without,3,0
68,26,with,6,1
68,27,with,4,1
68,28,with,7,1
68,29,with,3,1
68,30,with,4,1
68,31,without,1,0
68,32,without,5,0
68,33,without,4,0
25,1,without,1,0
25,2,without,1,0
25,3,with,6,1
25,4,with,6,1
25,5,with,4,1
25,6,with,2,1
25,7,without,4,0
25,8,without,1,0
25,9,with,2,1
25,10,with,3,1
25,11,with,2,1
25,12,without,3,0
25,13,with,6,1
25,14,without,2,0
25,15,with,7,1
25,16,without,6,0
25,17,without,2,0
25,18,with,7,1
25,19,with,7,1
25,20,without,1,0
25,21,with,5,1
25,22,with,6,1
25,23,with,6,1
25,24,without,1,0
25,25,without,1,0
25,26,with,7,1
25,27,with,5,1
25,28,without,6,0
25,29,with,4,1
25,30,with,3,1
25,31,without,1,0
25,32,with,1,1
25,33,without,1,0
56,1,with,3,1
56,2,without,5,0
56,3,with,5,1
56,4,without,3,0
56,5,with,6,1
56,6,with,3,1
56,7,without,4,0
56,8,without,6,0
56,9,without,4,0
56,10,with,3,1
56,11,with,3,1
56,12,with,5,1
56,13,with,6,1
56,14,without,3,0
56,15,with,7,1
56,16,with,7,1
56,17,without,5,0
56,18,with,5,1
56,19,with,4,1
56,20,without,4,0
56,21,with,5,1
56,22,with,7,1
56,23,with,3,1
56,24,without,4,0
56,25,with,6,1
56,26,without,2,0
56,27,with,6,1
56,28,without,5,0
56,29,without,2,0
56,30,with,5,1
56,31,without,4,0
56,32,without,4,0
56,33,without,4,0
27,1,without,3,0
27,2,without,5,0
27,3,with,3,1
27,4,with,4,1
27,5,without,3,0
27,6,with,2,1
27,7,with,4,1
27,8,without,2,0
27,9,without,2,0
27,10,without,2,0
27,11,without,4,0
27,12,without,2,0
27,13,with,4,1
27,14,with,3,1
27,15,without,3,0
27,16,with,5,1
27,17,with,5,1
27,18,with,6,1
27,19,without,4,0
27,20,with,3,1
27,21,without,2,0
27,22,with,7,1
27,23,with,2,1
27,24,with,1,1
27,25,with,6,1
27,26,with,5,1
27,27,without,2,0
27,28,without,2,0
27,29,with,2,1
27,30,with,2,1
27,31,with,3,1
27,32,without,1,0
27,33,without,6,0
1,1,without,3,0
1,2,with,7,1
1,3,without,6,0
1,4,with,7,1
1,5,with,5,1
1,6,without,3,0
1,7,with,6,1
1,8,with,7,1
1,9,without,5,0
1,10,with,6,1
1,11,with,7,1
1,12,without,5,0
1,13,without,7,0
1,14,without,3,0
1,15,with,4,1
1,16,without,5,0
1,17,with,3,1
1,18,without,4,0
1,19,with,6,1
1,20,with,4,1
1,21,without,4,0
1,22,without,6,0
1,23,with,5,1
1,24,with,5,1
1,25,without,5,0
1,26,without,4,0
1,27,without,1,0
1,28,with,6,1
1,29,with,6,1
1,30,with,3,1
1,31,without,4,0
1,32,with,2,1
1,33,with,7,1
62,1,with,3,1
62,2,with,2,1
62,3,without,6,0
62,4,with,6,1
62,5,with,5,1
62,6,with,6,1
62,7,without,3,0
62,8,without,4,0
62,9,without,6,0
62,10,without,2,0
62,11,with,3,1
62,12,without,5,0
62,13,without,1,0
62,14,with,4,1
62,15,without,5,0
62,16,without,3,0
62,17,without,4,0
62,18,without,4,0
62,19,with,2,1
62,20,without,3,0
62,21,without,4,0
62,22,with,6,1
62,23,without,6,0
62,24,without,2,0
62,25,without,1,0
62,26,without,5,0
62,27,without,3,0
62,28,with,6,1
62,29,with,3,1
62,30,without,3,0
62,31,without,2,0
62,32,without,6,0
62,33,with,1,1
54,1,without,4,0
54,2,with,6,1
54,3,without,6,0
54,4,without,3,0
54,5,with,6,1
54,6,without,2,0
54,7,without,3,0
54,8,without,5,0
54,9,without,5,0
54,10,without,4,0
54,11,with,7,1
54,12,without,5,0
54,13,with,4,1
54,14,without,3,0
54,15,with,7,1
54,16,with,7,1
54,17,without,3,0
54,18,without,3,0
54,19,without,4,0
54,20,with,7,1
54,21,without,4,0
54,22,with,7,1
54,23,with,5,1
54,24,with,7,1
54,25,without,5,0
54,26,with,6,1
54,27,with,5,1
54,28,with,7,1
54,29,with,6,1
54,30,without,4,0
54,31,without,4,0
54,32,with,6,1
54,33,with,7,1
72,1,with,3,1
72,2,with,5,1
72,3,with,3,1
72,4,without,3,0
72,5,with,4,1
72,6,with,4,1
72,7,without,3,0
72,8,without,4,0
72,9,with,3,1
72,10,with,3,1
72,11,without,3,0
72,12,without,4,0
72,13,without,4,0
72,14,without,3,0
72,15,without,3,0
72,16,with,4,1
72,17,without,4,0
72,18,without,5,0
72,19,without,3,0
72,20,without,3,0
72,21,with,3,1
72,22,without,6,0
72,23,with,3,1
72,24,without,3,0
72,25,with,6,1
72,26,without,3,0
72,27,without,3,0
72,28,with,6,1
72,29,with,3,1
72,30,without,3,0
72,31,without,4,0
72,32,with,3,1
72,33,with,3,1
18,1,with,6,1
18,2,with,2,1
18,3,with,3,1
18,4,without,3,0
18,5,without,3,0
18,6,with,4,1
18,7,with,5,1
18,8,with,7,1
18,9,with,1,1
18,10,without,2,0
18,11,without,1,0
18,12,without,5,0
18,13,without,2,0
18,14,without,1,0
18,15,with,3,1
18,16,with,5,1
18,17,with,2,1
18,18,without,2,0
18,19,with,3,1
18,20,with,5,1
18,21,without,3,0
18,22,without,3,0
18,23,with,5,1
18,24,without,3,0
18,25,without,3,0
18,26,without,1,0
18,27,with,5,1
18,28,with,3,1
18,29,with,3,1
18,30,without,2,0
18,31,without,3,0
18,32,with,2,1
18,33,with,6,1
55,1,without,3,0
55,2,without,6,0
55,3,with,5,1
55,4,with,6,1
55,5,with,6,1
55,6,without,3,0
55,7,with,6,1
55,8,with,5,1
55,9,without,6,0
55,10,with,6,1
55,11,with,5,1
55,12,with,6,1
55,13,without,7,0
55,14,without,3,0
55,15,without,4,0
55,16,with,5,1
55,17,without,3,0
55,18,without,7,0
55,19,without,7,0
55,20,without,3,0
55,21,without,3,0
55,22,with,7,1
55,23,without,7,0
55,24,with,5,1
55,25,without,3,0
55,26,without,2,0
55,27,without,3,0
55,28,with,6,1
55,29,with,5,1
55,30,with,3,1
55,31,with,3,1
55,32,without,5,0
55,33,without,6,0
3,1,with,3,1
3,2,without,5,0
3,3,with,7,1
3,4,with,7,1
3,5,with,6,1
3,6,without,1,0
3,7,without,2,0
3,8,with,3,1
3,9,with,6,1
3,10,without,3,0
3,11,with,3,1
3,12,without,5,0
3,13,without,2,0
3,14,without,2,0
3,15,with,7,1
3,16,with,4,1
3,17,with,5,1
3,18,without,3,0
3,19,with,6,1
3,20,with,6,1
3,21,with,7,1
3,22,without,5,0
3,23,with,5,1
3,24,without,3,0
3,25,without,5,0
3,26,with,6,1
3,27,without,1,0
3,28,without,6,0
3,29,with,3,1
3,30,with,3,1
3,31,without,5,0
3,32,with,3,1
3,33,without,5,0
46,1,without,1,0
46,2,with,7,1
46,3,without,6,0
46,4,with,6,1
46,5,without,5,0
46,6,with,2,1
46,7,without,4,0
46,8,with,6,1
46,9,without,4,0
46,10,with,4,1
46,11,without,3,0
46,12,without,4,0
46,13,without,1,0
46,14,without,1,0
46,15,with,2,1
46,16,without,6,0
46,17,without,1,0
46,18,with,6,1
46,19,without,4,0
46,20,with,2,1
46,21,with,4,1
46,22,with,7,1
46,23,with,5,1
46,24,without,1,0
46,25,without,7,0
46,26,with,4,1
46,27,without,2,0
46,28,with,5,1
46,29,with,5,1
46,30,without,6,0
46,31,without,1,0
46,32,with,2,1
46,33,without,2,0
100,1,without,1,0
100,2,with,6,1
100,3,with,3,1
100,4,with,4,1
100,5,with,4,1
100,6,with,4,1
100,7,without,1,0
100,8,with,6,1
100,9,with,1,1
100,10,with,3,1
100,11,with,4,1
100,12,with,3,1
100,13,with,6,1
100,14,with,1,1
100,15,with,3,1
100,16,without,1,0
100,17,without,1,0
100,18,without,2,0
100,19,with,4,1
100,20,without,1,0
100,21,without,1,0
100,22,without,5,0
100,23,without,1,0
100,24,with,4,1
100,25,without,4,0
100,26,without,1,0
100,27,with,4,1
100,28,without,1,0
100,29,with,2,1
100,30,without,2,0
100,31,with,2,1
100,32,with,2,1
100,33,without,2,0
77,1,with,5,1
77,2,without,3,0
77,3,without,5,0
77,4,with,6,1
77,5,with,2,1
77,6,with,5,1
77,7,without,4,0
77,8,with,6,1
77,9,without,5,0
77,10,without,3,0
77,11,with,3,1
77,12,with,6,1
77,13,without,2,0
77,14,with,3,1
77,15,with,4,1
77,16,without,4,0
77,17,without,3,0
77,18,with,7,1
77,19,without,2,0
77,20,without,1,0
77,21,with,6,1
77,22,with,7,1
77,23,without,2,0
77,24,without,1,0
77,25,without,4,0
77,26,without,3,0
77,27,with,2,1
77,28,without,4,0
77,29,with,4,1
77,30,with,4,1
77,31,with,4,1
77,32,with,2,1
77,33,with,5,1
7,1,without,1,0
7,2,with,5,1
7,3,with,4,1
7,4,without,2,0
7,5,without,2,0
7,6,with,2,1
7,7,without,3,0
7,8,without,4,0
7,9,without,1,0
7,10,without,1,0
7,11,with,1,1
7,12,without,3,0
7,13,with,5,1
7,14,without,1,0
7,15,with,4,1
7,16,with,5,1
7,17,with,4,1
7,18,with,6,1
7,19,with,4,1
7,20,with,4,1
7,21,with,5,1
7,22,with,7,1
7,23,with,1,1
7,24,with,4,1
7,25,with,7,1
7,26,without,1,0
7,27,without,2,0
7,28,without,2,0
7,29,without,1,0
7,30,without,4,0
7,31,with,4,1
7,32,without,3,0
7,33,with,4,1
40,1,with,5,1
40,2,without,3,0
40,3,without,2,0
40,4,without,3,0
40,5,without,5,0
40,6,with,3,1
40,7,without,4,0
40,8,with,5,1
40,9,with,5,1
40,10,without,2,0
40,11,without,2,0
40,12,with,4,1
40,13,with,4,1
40,14,with,4,1
40,15,without,3,0
40,16,with,4,1
40,17,without,1,0
40,18,without,5,0
40,19,without,3,0
40,20,without,3,0
40,21,without,3,0
40,22,with,5,1
40,23,without,3,0
40,24,without,3,0
40,25,without,4,0
40,26,with,3,1
40,27,with,4,1
40,28,with,4,1
40,29,with,4,1
40,30,with,1,1
40,31,with,6,1
40,32,with,1,1
40,33,without,5,0
5,1,with,3,1
5,2,without,4,0
5,3,without,4,0
5,4,with,5,1
5,5,with,5,1
5,6,with,4,1
5,7,with,6,1
5,8,without,4,0
5,9,with,6,1
5,10,without,3,0
5,11,with,4,1
5,12,without,4,0
5,13,with,5,1
5,14,with,4,1
5,15,without,6,0
5,16,with,5,1
5,17,without,2,0
5,18,without,7,0
5,19,with,5,1
5,20,without,3,0
5,21,without,3,0
5,22,with,7,1
5,23,without,3,0
5,24,with,4,1
5,25,with,4,1
5,26,with,3,1
5,27,with,4,1
5,28,with,3,1
5,29,without,3,0
5,30,without,3,0
5,31,without,3,0
5,32,without,3,0
5,33,without,6,0
38,1,without,3,0
38,2,without,4,0
38,3,with,7,1
38,4,without,4,0
38,5,with,5,1
38,6,with,5,1
38,7,without,5,0
38,8,with,6,1
38,9,without,3,0
38,10,without,3,0
38,11,with,3,1
38,12,with,3,1
38,13,without,5,0
38,14,without,3,0
38,15,without,5,0
38,16,with,6,1
38,17,with,6,1
38,18,with,7,1
38,19,without,4,0
38,20,with,6,1
38,21,without,4,0
38,22,without,6,0
38,23,without,3,0
38,24,without,5,0
38,25,with,5,1
38,26,with,3,1
38,27,without,2,0
38,28,without,3,0
38,29,with,4,1
38,30,with,2,1
38,31,with,6,1
38,32,without,3,0
38,33,without,3,0
63,1,with,5,1
63,2,without,4,0
63,3,with,4,1
63,4,without,3,0
63,5,with,6,1
63,6,without,2,0
63,7,with,5,1
63,8,without,5,0
63,9,without,4,0
63,10,without,2,0
63,11,without,3,0
63,12,with,7,1
63,13,with,6,1
63,14,without,4,0
63,15,without,4,0
63,16,without,5,0
63,17,without,3,0
63,18,without,5,0
63,19,without,5,0
63,20,without,2,0
63,21,with,6,1
63,22,with,7,1
63,23,with,2,1
63,24,without,4,0
63,25,with,6,1
63,26,without,3,0
63,27,with,6,1
63,28,with,7,1
63,29,with,5,1
63,30,with,4,1
63,31,without,5,0
63,32,with,4,1
63,33,with,7,1
21,1,with,6,1
21,2,with,6,1
21,3,without,6,0
21,4,without,3,0
21,5,without,4,0
21,6,without,1,0
21,7,with,2,1
21,8,without,4,0
21,9,with,3,1
21,10,without,2,0
21,11,without,2,0
21,12,without,5,0
21,13,with,6,1
21,14,with,5,1
21,15,with,5,1
21,16,without,5,0
21,17,without,2,0
21,18,with,7,1
21,19,with,6,1
21,20,without,2,0
21,21,without,1,0
21,22,without,6,0
21,23,without,6,0
21,24,with,2,1
21,25,with,6,1
21,26,with,6,1
21,27,without,2,0
21,28,with,6,1
21,29,with,6,1
21,30,with,3,1
21,31,with,7,1
21,32,without,4,0
21,33,with,6,1
42,1,with,3,1
42,2,with,5,1
42,3,with,7,1
42,4,with,5,1
42,5,with,3,1
42,6,with,4,1
42,7,without,5,0
42,8,without,2,0
42,9,with,4,1
42,10,without,1,0
42,11,with,4,1
42,12,with,6,1
42,13,without,3,0
42,14,without,4,0
42,15,with,2,1
42,16,with,6,1
42,17,without,5,0
42,18,without,5,0
42,19,without,6,0
42,20,with,4,1
42,21,with,5,1
42,22,without,6,0
42,23,without,2,0
42,24,with,2,1
42,25,without,2,0
42,26,with,5,1
42,27,without,4,0
42,28,with,4,1
42,29,without,3,0
42,30,without,3,0
42,31,with,3,1
42,32,with,3,1
42,33,with,2,1
91,1,with,5,1
91,2,without,3,0
91,3,without,3,0
91,4,without,3,0
91,5,with,3,1
91,6,with,3,1
91,7,without,2,0
91,8,with,6,1
91,9,with,2,1
91,10,without,3,0
91,11,without,3,0
91,12,without,4,0
91,13,without,4,0
91,14,without,2,0
91,15,without,5,0
91,16,with,4,1
91,17,without,4,0
91,18,without,3,0
91,19,without,3,0
91,20,without,1,0
91,21,with,3,1
91,22,with,6,1
91,23,with,3,1
91,24,without,2,0
91,25,with,5,1
91,26,with,3,1
91,27,with,4,1
91,28,without,5,0
91,29,without,2,0
91,30,with,3,1
91,31,with,4,1
91,32,with,3,1
91,33,without,2,0
75,1,with,5,1
75,2,without,4,0
75,3,without,4,0
75,4,with,6,1
75,5,with,5,1
75,6,without,1,0
75,7,without,3,0
75,8,with,6,1
75,9,without,3,0
75,10,with,6,1
75,11,without,3,0
75,12,with,6,1
75,13,without,2,0
75,14,with,4,1
75,15,without,5,0
75,16,with,5,1
75,17,without,2,0
75,18,without,3,0
75,19,with,5,1
75,20,without,2,0
75,21,without,2,0
75,22,without,4,0
75,23,without,4,0
75,24,with,5,1
75,25,without,3,0
75,26,without,2,0
75,27,with,5,1
75,28,with,6,1
75,29,with,5,1
75,30,without,2,0
75,31,without,2,0
75,32,without,3,0
75,33,with,6,1
23,1,without,1,0
23,2,with,6,1
23,3,with,6,1
23,4,without,3,0
23,5,without,3,0
23,6,without,1,0
23,7,without,4,0
23,8,with,7,1
23,9,without,1,0
23,10,with,3,1
23,11,without,1,0
23,12,with,5,1
23,13,with,5,1
23,14,with,7,1
23,15,without,7,0
23,16,without,5,0
23,17,with,3,1
23,18,with,5,1
23,19,with,2,1
23,20,with,6,1
23,21,with,6,1
23,22,without,2,0
23,23,without,4,0
23,24,without,1,0
23,25,without,3,0
23,26,with,5,1
23,27,without,1,0
23,28,without,5,0
23,29,with,2,1
23,30,with,5,1
23,31,without,2,0
23,32,without,3,0
23,33,without,2,0
106,1,without,2,0
106,2,without,4,0
106,3,with,1,1
106,4,with,6,1
106,5,without,2,0
106,6,with,1,1
106,7,without,2,0
106,8,with,2,1
106,9,with,5,1
106,10,without,2,0
106,11,without,3,0
106,12,without,4,0
106,13,without,4,0
106,14,with,6,1
106,15,without,4,0
106,16,without,5,0
106,17,with,3,1
106,18,without,3,0
106,19,with,5,1
106,20,with,4,1
106,21,with,5,1
106,22,without,5,0
106,23,with,2,1
106,24,with,5,1
106,25,without,4,0
106,26,with,5,1
106,27,with,4,1
106,28,with,5,1
106,29,without,3,0
106,30,with,2,1
106,31,with,5,1
106,32,without,2,0
106,33,without,3,0
71,1,without,1,0
71,2,with,7,1
71,3,without,6,0
71,4,with,1,1
71,5,with,5,1
71,6,without,1,0
71,7,without,1,0
71,8,without,3,0
71,9,with,1,1
71,10,without,1,0
71,11,without,1,0
71,12,without,4,0
71,13,without,6,0
71,14,with,3,1
71,15,with,5,1
71,16,without,4,0
71,17,without,3,0
71,18,without,2,0
71,19,with,4,1
71,20,with,6,1
71,21,with,4,1
71,22,without,4,0
71,23,with,1,1
71,24,with,5,1
71,25,with,7,1
71,26,with,3,1
71,27,with,2,1
71,28,with,6,1
71,29,without,1,0
71,30,without,1,0
71,31,with,3,1
71,32,without,2,0
71,33,without,5,0
70,1,with,5,1
70,2,with,5,1
70,3,with,4,1
70,4,with,6,1
70,5,with,4,1
70,6,without,1,0
70,7,with,3,1
70,8,without,3,0
70,9,without,1,0
70,10,without,1,0
70,11,without,1,0
70,12,without,4,0
70,13,with,4,1
70,14,with,4,1
70,15,without,4,0
70,16,with,3,1
70,17,with,6,1
70,18,without,2,0
70,19,with,5,1
70,20,with,6,1
70,21,without,2,0
70,22,with,7,1
70,23,without,3,0
70,24,with,1,1
70,25,with,6,1
70,26,without,4,0
70,27,without,1,0
70,28,with,5,1
70,29,without,1,0
70,30,with,2,1
70,31,with,4,1
70,32,without,2,0
70,33,with,5,1
26,1,without,3,0
26,2,with,5,1
26,3,with,5,1
26,4,with,5,1
26,5,without,6,0
26,6,without,2,0
26,7,without,2,0
26,8,with,4,1
26,9,without,5,0
26,10,without,3,0
26,11,with,2,1
26,12,without,2,0
26,13,with,4,1
26,14,without,2,0
26,15,without,5,0
26,16,without,5,0
26,17,without,1,0
26,18,without,3,0
26,19,with,5,1
26,20,with,4,1
26,21,with,5,1
26,22,without,5,0
26,23,without,2,0
26,24,without,3,0
26,25,without,6,0
26,26,without,2,0
26,27,without,1,0
26,28,with,6,1
26,29,without,3,0
26,30,with,3,1
26,31,without,3,0
26,32,with,3,1
26,33,with,7,1
47,1,without,2,0
47,2,with,6,1
47,3,with,6,1
47,4,with,6,1
47,5,without,1,0
47,6,with,6,1
47,7,without,2,0
47,8,without,2,0
47,9,without,2,0
47,10,with,2,1
47,11,with,1,1
47,12,with,6,1
47,13,with,4,1
47,14,with,2,1
47,15,without,6,0
47,16,with,2,1
47,17,with,5,1
47,18,with,7,1
47,19,with,2,1
47,20,without,1,0
47,21,with,6,1
47,22,without,7,0
47,23,with,2,1
47,24,without,1,0
47,25,without,5,0
47,26,with,3,1
47,27,without,1,0
47,28,with,1,1
47,29,with,2,1
47,30,without,4,0
47,31,with,4,1
47,32,with,1,1
47,33,with,2,1
2,1,without,1,0
2,2,without,3,0
2,3,with,4,1
2,4,with,5,1
2,5,with,4,1
2,6,with,1,1
2,7,without,2,0
2,8,without,3,0
2,9,with,3,1
2,10,without,2,0
2,11,without,2,0
2,12,with,3,1
2,13,without,1,0
2,14,without,1,0
2,15,with,2,1
2,16,without,5,0
2,17,with,4,1
2,18,with,6,1
2,19,without,3,0
2,20,with,3,1
2,21,with,6,1
2,22,with,6,1
2,23,with,3,1
2,24,without,3,0
2,25,with,4,1
2,26,without,1,0
2,27,without,1,0
2,28,with,4,1
2,29,without,2,0
2,30,without,3,0
2,31,with,5,1
2,32,with,4,1
2,33,without,2,0
24,1,without,1,0
24,2,with,4,1
24,3,with,3,1
24,4,without,5,0
24,5,without,2,0
24,6,without,1,0
24,7,without,4,0
24,8,without,2,0
24,9,with,1,1
24,10,without,1,0
24,11,without,4,0
24,12,without,5,0
24,13,with,5,1
24,14,with,4,1
24,15,with,1,1
24,16,without,3,0
24,17,without,1,0
24,18,with,5,1
24,19,without,5,0
24,20,without,2,0
24,21,without,2,0
24,22,with,7,1
24,23,without,3,0
24,24,without,3,0
24,25,without,4,0
24,26,without,2,0
24,27,without,1,0
24,28,with,4,1
24,29,with,3,1
24,30,without,7,0
24,31,without,3,0
24,32,with,2,1
24,33,without,3,0
19,1,without,3,0
19,2,without,5,0
19,3,without,5,0
19,4,without,6,0
19,5,with,6,1
19,6,with,4,1
19,7,without,4,0
19,8,without,6,0
19,9,with,6,1
19,10,with,3,1
19,11,without,3,0
19,12,without,4,0
19,13,without,5,0
19,14,with,5,1
19,15,without,4,0
19,16,with,4,1
19,17,with,5,1
19,18,without,5,0
19,19,with,5,1
19,20,with,3,1
19,21,without,5,0
19,22,without,6,0
19,23,without,5,0
19,24,without,4,0
19,25,with,6,1
19,26,without,2,0
19,27,without,4,0
19,28,without,3,0
19,29,without,3,0
19,30,without,4,0
19,31,without,3,0
19,32,without,6,0
19,33,with,7,1
97,1,without,3,0
97,2,without,5,0
97,3,with,7,1
97,4,without,4,0
97,5,without,3,0
97,6,with,6,1
97,7,without,3,0
97,8,without,5,0
97,9,without,6,0
97,10,without,3,0
97,11,without,2,0
97,12,without,5,0
97,13,without,2,0
97,14,with,3,1
97,15,without,7,0
97,16,without,6,0
97,17,with,4,1
97,18,with,6,1
97,19,with,6,1
97,20,without,2,0
97,21,with,7,1
97,22,without,4,0
97,23,without,6,0
97,24,without,4,0
97,25,without,6,0
97,26,without,1,0
97,27,without,1,0
97,28,with,7,1
97,29,with,5,1
97,30,without,2,0
97,31,without,2,0
97,32,without,5,0
97,33,without,4,0
45,1,with,5,1
45,2,without,3,0
45,3,with,6,1
45,4,without,3,0
45,5,with,5,1
45,6,with,6,1
45,7,with,4,1
45,8,without,4,0
45,9,with,5,1
45,10,with,3,1
45,11,without,2,0
45,12,with,5,1
45,13,with,6,1
45,14,with,4,1
45,15,with,3,1
45,16,without,6,0
45,17,with,4,1
45,18,with,7,1
45,19,with,5,1
45,20,with,4,1
45,21,without,2,0
45,22,with,6,1
45,23,without,5,0
45,24,without,2,0
45,25,without,5,0
45,26,without,2,0
45,27,without,2,0
45,28,with,6,1
45,29,without,2,0
45,30,with,3,1
45,31,without,2,0
45,32,without,2,0
45,33,with,6,1
67,1,without,2,0
67,2,without,3,0
67,3,with,5,1
67,4,with,5,1
67,5,with,6,1
67,6,with,3,1
67,7,without,4,0
67,8,without,3,0
67,9,without,3,0
67,10,with,4,1
67,11,with,5,1
67,12,with,3,1
67,13,with,6,1
67,14,with,3,1
67,15,without,3,0
67,16,with,4,1
67,17,with,5,1
67,18,with,3,1
67,19,without,2,0
67,20,with,4,1
67,21,with,4,1
67,22,without,2,0
67,23,with,2,1
67,24,with,5,1
67,25,with,4,1
67,26,with,3,1
67,27,with,3,1
67,28,with,6,1
67,29,without,2,0
67,30,without,2,0
67,31,with,3,1
67,32,with,2,1
67,33,without,3,0
20,1,without,2,0
20,2,without,3,0
20,3,without,3,0
20,4,with,2,1
20,5,without,2,0
20,6,without,2,0
20,7,with,4,1
20,8,without,2,0
20,9,with,3,1
20,10,without,3,0
20,11,with,3,1
20,12,with,5,1
20,13,with,2,1
20,14,with,4,1
20,15,with,5,1
20,16,without,4,0
20,17,with,3,1
20,18,without,3,0
20,19,with,3,1
20,20,without,2,0
20,21,without,4,0
20,22,with,6,1
20,23,without,5,0
20,24,with,3,1
20,25,with,4,1
20,26,with,4,1
20,27,with,3,1
20,28,without,2,0
20,29,without,2,0
20,30,without,2,0
20,31,with,4,1
20,32,with,3,1
20,33,without,4,0
43,1,with,5,1
43,2,with,7,1
43,3,with,6,1
43,4,with,3,1
43,5,without,6,0
43,6,without,2,0
43,7,with,6,1
43,8,with,5,1
43,9,with,4,1
43,10,with,2,1
43,11,without,5,0
43,12,without,3,0
43,13,without,6,0
43,14,with,4,1
43,15,with,5,1
43,16,without,5,0
43,17,without,2,0
43,18,without,5,0
43,19,with,6,1
43,20,without,2,0
43,21,with,6,1
43,22,without,7,0
43,23,with,3,1
43,24,without,3,0
43,25,without,5,0
43,26,without,3,0
43,27,without,2,0
43,28,with,4,1
43,29,without,4,0
43,30,with,4,1
43,31,without,5,0
43,32,with,3,1
43,33,with,5,1
58,1,without,1,0
58,2,with,7,1
58,3,without,7,0
58,4,without,3,0
58,5,without,3,0
58,6,without,3,0
58,7,without,4,0
58,8,without,6,0
58,9,with,1,1
58,10,with,2,1
58,11,with,2,1
58,12,without,7,0
58,13,with,2,1
58,14,without,1,0
58,15,without,4,0
58,16,with,5,1
58,17,with,2,1
58,18,without,2,0
58,19,without,5,0
58,20,with,5,1
58,21,with,5,1
58,22,with,7,1
58,23,without,2,0
58,24,with,1,1
58,25,without,7,0
58,26,without,6,0
58,27,with,3,1
58,28,without,5,0
58,29,without,4,0
58,30,without,5,0
58,31,without,3,0
58,32,with,1,1
58,33,with,6,1
59,1,with,5,1
59,2,without,1,0
59,3,with,4,1
59,4,without,1,0
59,5,without,1,0
59,6,without,1,0
59,7,with,2,1
59,8,with,3,1
59,9,with,4,1
59,10,with,2,1
59,11,with,1,1
59,12,without,6,0
59,13,with,5,1
59,14,with,5,1
59,15,without,2,0
59,16,without,7,0
59,17,with,3,1
59,18,with,5,1
59,19,with,5,1
59,20,without,1,0
59,21,with,7,1
59,22,with,7,1
59,23,with,1,1
59,24,with,1,1
59,25,with,4,1
59,26,with,2,1
59,27,with,1,1
59,28,with,2,1
59,29,with,3,1
59,30,without,1,0
59,31,with,5,1
59,32,with,4,1
59,33,without,1,0
22,1,with,6,1
22,2,without,5,0
22,3,with,6,1
22,4,with,7,1
22,5,with,6,1
22,6,with,7,1
22,7,without,6,0
22,8,without,5,0
22,9,with,5,1
22,10,without,6,0
22,11,without,6,0
22,12,without,5,0
22,13,without,7,0
22,14,with,6,1
22,15,with,6,1
22,16,with,6,1
22,17,with,6,1
22,18,with,6,1
22,19,with,6,1
22,20,without,5,0
22,21,without,5,0
22,22,with,7,1
22,23,with,5,1
22,24,with,5,1
22,25,with,5,1
22,26,with,5,1
22,27,with,7,1
22,28,with,5,1
22,29,without,5,0
22,30,without,5,0
22,31,with,6,1
22,32,without,5,0
22,33,without,5,0
6,1,without,2,0
6,2,without,3,0
6,3,with,7,1
6,4,with,3,1
6,5,without,3,0
6,6,without,1,0
6,7,with,5,1
6,8,with,3,1
6,9,with,6,1
6,10,without,2,0
6,11,with,5,1
6,12,without,2,0
6,13,without,1,0
6,14,with,1,1
6,15,with,5,1
6,16,with,4,1
6,17,without,1,0
6,18,without,5,0
6,19,with,4,1
6,20,without,1,0
6,21,without,1,0
6,22,with,5,1
6,23,with,4,1
6,24,with,1,1
6,25,without,4,0
6,26,with,2,1
6,27,with,3,1
6,28,with,4,1
6,29,without,2,0
6,30,without,2,0
6,31,without,3,0
6,32,with,1,1
6,33,with,6,1
78,1,without,2,0
78,2,without,3,0
78,3,without,3,0
78,4,with,5,1
78,5,with,4,1
78,6,without,3,0
78,7,without,3,0
78,8,with,6,1
78,9,without,3,0
78,10,without,3,0
78,11,without,4,0
78,12,without,4,0
78,13,without,3,0
78,14,without,3,0
78,15,with,5,1
78,16,without,4,0
78,17,with,3,1
78,18,without,3,0
78,19,without,4,0
78,20,with,4,1
78,21,with,5,1
78,22,without,5,0
78,23,without,4,0
78,24,without,4,0
78,25,without,4,0
78,26,with,5,1
78,27,with,3,1
78,28,with,5,1
78,29,without,4,0
78,30,without,5,0
78,31,without,3,0
78,32,with,3,1
78,33,with,6,1
79,1,with,3,1
79,2,with,7,1
79,3,with,7,1
79,4,with,7,1
79,5,without,5,0
79,6,with,4,1
79,7,with,3,1
79,8,without,3,0
79,9,with,6,1
79,10,with,6,1
79,11,with,7,1
79,12,with,5,1
79,13,without,4,0
79,14,with,3,1
79,15,with,5,1
79,16,with,5,1
79,17,without,1,0
79,18,without,3,0
79,19,without,4,0
79,20,with,4,1
79,21,with,7,1
79,22,with,7,1
79,23,without,3,0
79,24,with,7,1
79,25,without,2,0
79,26,with,5,1
79,27,without,2,0
79,28,with,7,1
79,29,with,4,1
79,30,with,4,1
79,31,with,3,1
79,32,with,1,1
79,33,without,1,0
39,1,without,2,0
39,2,without,6,0
39,3,with,3,1
39,4,with,6,1
39,5,with,2,1
39,6,without,3,0
39,7,without,7,0
39,8,with,3,1
39,9,without,2,0
39,10,with,2,1
39,11,without,2,0
39,12,with,5,1
39,13,with,2,1
39,14,with,3,1
39,15,with,2,1
39,16,with,6,1
39,17,without,2,0
39,18,without,2,0
39,19,with,6,1
39,20,without,2,0
39,21,with,6,1
39,22,with,6,1
39,23,without,2,0
39,24,without,5,0
39,25,with,6,1
39,26,with,3,1
39,27,without,2,0
39,28,with,3,1
39,29,with,2,1
39,30,with,2,1
39,31,with,7,1
39,32,without,2,0
39,33,without,6,0
4,1,with,3,1
4,2,without,6,0
4,3,without,6,0
4,4,without,5,0
4,5,without,6,0
4,6,without,1,0
4,7,without,5,0
4,8,without,6,0
4,9,without,4,0
4,10,without,4,0
4,11,with,3,1
4,12,without,4,0
4,13,without,2,0
4,14,without,2,0
4,15,with,6,1
4,16,without,6,0
4,17,without,2,0
4,18,with,6,1
4,19,with,6,1
4,20,without,1,0
4,21,without,3,0
4,22,with,7,1
4,23,with,3,1
4,24,without,5,0
4,25,with,2,1
4,26,with,2,1
4,27,without,2,0
4,28,without,4,0
4,29,with,5,1
4,30,with,3,1
4,31,with,7,1
4,32,with,2,1
4,33,without,4,0
41,1,with,1,1
41,2,without,1,0
41,3,with,3,1
41,4,with,4,1
41,5,without,1,0
41,6,with,1,1
41,7,with,1,1
41,8,without,1,0
41,9,without,3,0
41,10,without,2,0
41,11,without,2,0
41,12,with,2,1
41,13,without,2,0
41,14,without,1,0
41,15,with,2,1
41,16,without,5,0
41,17,without,1,0
41,18,with,3,1
41,19,with,2,1
41,20,without,1,0
41,21,without,1,0
41,22,with,5,1
41,23,without,4,0
41,24,without,2,0
41,25,without,1,0
41,26,with,1,1
41,27,with,2,1
41,28,without,2,0
41,29,with,2,1
41,30,without,2,0
41,31,without,3,0
41,32,without,2,0
41,33,without,1,0
52,1,with,3,1
52,2,with,4,1
52,3,without,3,0
52,4,with,5,1
52,5,with,5,1
52,6,with,3,1
52,7,without,2,0
52,8,with,4,1
52,9,without,4,0
52,10,without,4,0
52,11,with,4,1
52,12,without,4,0
52,13,with,5,1
52,14,without,3,0
52,15,with,3,1
52,16,without,4,0
52,17,with,2,1
52,18,with,6,1
52,19,without,3,0
52,20,with,5,1
52,21,without,3,0
52,22,without,5,0
52,23,with,5,1
52,24,with,1,1
52,25,without,5,0
52,26,without,3,0
52,27,without,4,0
52,28,with,6,1
52,29,with,4,1
52,30,with,5,1
52,31,with,4,1
52,32,with,5,1
52,33,with,5,1
53,1,with,5,1
53,2,without,3,0
53,3,without,6,0
53,4,without,1,0
53,5,with,4,1
53,6,without,1,0
53,7,with,6,1
53,8,without,3,0
53,9,with,3,1
53,10,with,4,1
53,11,with,3,1
53,12,without,3,0
53,13,with,4,1
53,14,without,1,0
53,15,with,7,1
53,16,with,7,1
53,17,with,3,1
53,18,with,7,1
53,19,with,7,1
53,20,without,2,0
53,21,without,4,0
53,22,without,4,0
53,23,without,5,0
53,24,with,3,1
53,25,without,6,0
53,26,with,5,1
53,27,with,5,1
53,28,with,4,1
53,29,without,2,0
53,30,with,3,1
53,31,with,7,1
53,32,with,4,1
53,33,without,2,0
76,1,with,4,1
76,2,without,3,0
76,3,without,2,0
76,4,with,5,1
76,5,with,6,1
76,6,with,4,1
76,7,without,3,0
76,8,with,6,1
76,9,with,1,1
76,10,with,3,1
76,11,with,4,1
76,12,without,5,0
76,13,with,5,1
76,14,without,2,0
76,15,with,6,1
76,16,without,2,0
76,17,without,2,0
76,18,without,5,0
76,19,with,5,1
76,20,without,1,0
76,21,without,3,0
76,22,with,6,1
76,23,with,3,1
76,24,with,6,1
76,25,with,4,1
76,26,with,6,1
76,27,with,6,1
76,28,with,6,1
76,29,without,2,0
76,30,with,3,1
76,31,without,3,0
76,32,with,1,1
76,33,without,2,0
35,1,without,1,0
35,2,with,3,1
35,3,without,3,0
35,4,without,3,0
35,5,with,3,1
35,6,with,5,1
35,7,without,2,0
35,8,with,6,1
35,9,without,2,0
35,10,with,3,1
35,11,without,3,0
35,12,without,2,0
35,13,without,2,0
35,14,with,2,1
35,15,without,3,0
35,16,without,4,0
35,17,with,2,1
35,18,without,2,0
35,19,with,5,1
35,20,with,5,1
35,21,with,5,1
35,22,without,3,0
35,23,without,2,0
35,24,without,3,0
35,25,without,2,0
35,26,without,2,0
35,27,without,2,0
35,28,with,6,1
35,29,with,5,1
35,30,without,3,0
35,31,without,1,0
35,32,without,1,0
35,33,without,2,0
109,1,with,4,1
109,2,without,5,0
109,3,with,7,1
109,4,without,3,0
109,5,with,7,1
109,6,without,2,0
109,7,with,7,1
109,8,without,5,0
109,9,without,4,0
109,10,without,4,0
109,11,without,3,0
109,12,with,6,1
109,13,with,7,1
109,14,without,2,0
109,15,with,5,1
109,16,without,5,0
109,17,without,2,0
109,18,without,3,0
109,19,without,6,0
109,20,with,6,1
109,21,without,3,0
109,22,with,7,1
109,23,without,7,0
109,24,with,5,1
109,25,with,6,1
109,26,without,4,0
109,27,without,2,0
109,28,without,6,0
109,29,without,3,0
109,30,with,6,1
109,31,without,3,0
109,32,without,2,0
109,33,with,7,1
8,1,with,3,1
8,2,with,4,1
8,3,without,4,0
8,4,without,2,0
8,5,without,2,0
8,6,with,2,1
8,7,without,3,0
8,8,with,4,1
8,9,without,2,0
8,10,with,3,1
8,11,with,3,1
8,12,with,4,1
8,13,without,2,0
8,14,without,2,0
8,15,with,3,1
8,16,with,3,1
8,17,with,3,1
8,18,without,3,0
8,19,without,3,0
8,20,with,3,1
8,21,with,3,1
8,22,without,3,0
8,23,with,3,1
8,24,without,2,0
8,25,without,2,0
8,26,with,2,1
8,27,without,2,0
8,28,with,4,1
8,29,without,2,0
8,30,without,3,0
8,31,with,4,1
8,32,without,2,0
8,33,without,3,0
57,1,with,4,1
57,2,without,4,0
57,3,with,6,1
57,4,without,4,0
57,5,without,3,0
57,6,without,3,0
57,7,without,3,0
57,8,without,3,0
57,9,with,4,1
57,10,without,1,0
57,11,without,2,0
57,12,with,3,1
57,13,with,3,1
57,14,with,4,1
57,15,without,4,0
57,16,without,2,0
57,17,with,4,1
57,18,with,4,1
57,19,without,3,0
57,20,with,3,1
57,21,without,2,0
57,22,without,6,0
57,23,without,5,0
57,24,with,3,1
57,25,without,6,0
57,26,without,3,0
57,27,with,5,1
57,28,with,3,1
57,29,without,2,0
57,30,with,5,1
57,31,without,1,0
57,32,without,1,0
57,33,with,5,1
74,1,without,4,0
74,2,with,6,1
74,3,without,5,0
74,4,with,6,1
74,5,without,4,0
74,6,with,4,1
74,7,without,3,0
74,8,without,4,0
74,9,without,5,0
74,10,without,2,0
74,11,without,3,0
74,12,with,2,1
74,13,without,5,0
74,14,without,5,0
74,15,with,6,1
74,16,without,7,0
74,17,without,1,0
74,18,with,7,1
74,19,with,5,1
74,20,without,1,0
74,21,without,4,0
74,22,without,5,0
74,23,with,5,1
74,24,without,3,0
74,25,with,6,1
74,26,with,4,1
74,27,without,3,0
74,28,without,4,0
74,29,without,4,0
74,30,with,3,1
74,31,with,4,1
74,32,with,4,1
74,33,with,4,1
13,1,without,4,0
13,2,without,2,0
13,3,without,4,0
13,4,without,4,0
13,5,without,3,0
13,6,with,6,1
13,7,with,5,1
13,8,with,5,1
13,9,without,2,0
13,10,without,3,0
13,11,with,3,1
13,12,with,3,1
13,13,with,3,1
13,14,with,6,1
13,15,with,5,1
13,16,with,4,1
13,17,without,3,0
13,18,with,3,1
13,19,with,3,1
13,20,without,2,0
13,21,with,5,1
13,22,with,5,1
13,23,without,2,0
13,24,without,2,0
13,25,without,2,0
13,26,without,3,0
13,27,without,4,0
13,28,without,4,0
13,29,with,3,1
13,30,without,3,0
13,31,without,3,0
13,32,without,4,0
13,33,with,3,1
37,1,without,2,0
37,2,without,3,0
37,3,with,7,1
37,4,without,1,0
37,5,without,2,0
37,6,without,1,0
37,7,with,5,1
37,8,with,7,1
37,9,without,3,0
37,10,without,2,0
37,11,without,3,0
37,12,with,3,1
37,13,with,2,1
37,14,without,2,0
37,15,without,5,0
37,16,without,4,0
37,17,with,5,1
37,18,with,7,1
37,19,without,2,0
37,20,with,3,1
37,21,with,5,1
37,22,without,2,0
37,23,with,2,1
37,24,with,5,1
37,25,with,7,1
37,26,with,3,1
37,27,without,1,0
37,28,without,3,0
37,29,with,2,1
37,30,without,3,0
37,31,with,4,1
37,32,without,1,0
37,33,without,3,0
11,1,with,4,1
11,2,with,6,1
11,3,with,5,1
11,4,without,2,0
11,5,with,5,1
11,6,with,3,1
11,7,without,2,0
11,8,with,6,1
11,9,without,3,0
11,10,with,5,1
11,11,with,5,1
11,12,without,4,0
11,13,with,5,1
11,14,with,3,1
11,15,with,7,1
11,16,with,6,1
11,17,without,2,0
11,18,without,4,0
11,19,without,2,0
11,20,without,2,0
11,21,without,2,0
11,22,without,5,0
11,23,with,3,1
11,24,with,4,1
11,25,without,5,0
11,26,with,4,1
11,27,without,2,0
11,28,with,6,1
11,29,with,3,1
11,30,with,5,1
11,31,with,4,1
11,32,without,2,0
11,33,without,2,0
103,1,with,2,1
103,2,with,5,1
103,3,without,4,0
103,4,with,5,1
103,5,without,3,0
103,6,with,5,1
103,7,without,2,0
103,8,with,3,1
103,9,with,2,1
103,10,with,4,1
103,11,without,2,0
103,12,without,2,0
103,13,with,6,1
103,14,without,3,0
103,15,without,3,0
103,16,with,3,1
103,17,with,3,1
103,18,without,4,0
103,19,with,4,1
103,20,with,3,1
103,21,without,2,0
103,22,with,6,1
103,23,with,2,1
103,24,without,5,0
103,25,with,6,1
103,26,with,2,1
103,27,without,1,0
103,28,with,4,1
103,29,with,3,1
103,30,with,1,1
103,31,without,1,0
103,32,without,1,0
103,33,without,1,0
85,1,with,5,1
85,2,with,5,1
85,3,with,5,1
85,4,without,2,0
85,5,with,3,1
85,6,with,1,1
85,7,with,3,1
85,8,without,4,0
85,9,without,2,0
85,10,without,5,0
85,11,with,1,1
85,12,without,4,0
85,13,without,1,0
85,14,with,5,1
85,15,with,6,1
85,16,with,6,1
85,17,with,2,1
85,18,with,6,1
85,19,without,6,0
85,20,without,1,0
85,21,without,1,0
85,22,with,6,1
85,23,without,4,0
85,24,with,3,1
85,25,without,2,0
85,26,with,6,1
85,27,with,7,1
85,28,with,7,1
85,29,without,1,0
85,30,without,3,0
85,31,without,1,0
85,32,with,2,1
85,33,with,6,1
33,1,with,6,1
33,2,with,7,1
33,3,with,7,1
33,4,without,7,0
33,5,with,6,1
33,6,without,2,0
33,7,with,6,1
33,8,without,7,0
33,9,without,5,0
33,10,with,3,1
33,11,without,4,0
33,12,without,7,0
33,13,with,4,1
33,14,without,6,0
33,15,with,5,1
33,16,with,7,1
33,17,with,4,1
33,18,without,6,0
33,19,without,5,0
33,20,with,7,1
33,21,without,5,0
33,22,without,7,0
33,23,without,2,0
33,24,without,3,0
33,25,without,7,0
33,26,without,4,0
33,27,with,6,1
33,28,with,5,1
33,29,with,4,1
33,30,with,5,1
33,31,with,2,1
33,32,with,4,1
33,33,with,5,1
15,1,without,2,0
15,2,without,3,0
15,3,with,6,1
15,4,with,6,1
15,5,without,3,0
15,6,without,3,0
15,7,without,2,0
15,8,with,5,1
15,9,without,3,0
15,10,with,3,1
15,11,with,3,1
15,12,without,5,0
15,13,without,2,0
15,14,with,4,1
15,15,without,4,0
15,16,with,4,1
15,17,with,4,1
15,18,without,3,0
15,19,with,5,1
15,20,with,6,1
15,21,without,3,0
15,22,without,3,0
15,23,without,3,0
15,24,with,3,1
15,25,with,5,1
15,26,without,3,0
15,27,without,2,0
15,28,with,4,1
15,29,without,2,0
15,30,without,3,0
15,31,with,5,1
15,32,without,1,0
15,33,without,4,0
69,1,with,4,1
69,2,without,5,0
69,3,without,6,0
69,4,with,7,1
69,5,with,5,1
69,6,without,3,0
69,7,with,5,1
69,8,without,3,0
69,9,with,5,1
69,10,without,3,0
69,11,without,5,0
69,12,with,5,1
69,13,with,6,1
69,14,without,3,0
69,15,with,4,1
69,16,without,4,0
69,17,without,3,0
69,18,with,6,1
69,19,with,4,1
69,20,with,4,1
69,21,without,3,0
69,22,with,6,1
69,23,with,3,1
69,24,with,5,1
69,25,without,5,0
69,26,without,3,0
69,27,with,4,1
69,28,without,4,0
69,29,with,5,1
69,30,without,5,0
69,31,with,4,1
69,32,without,3,0
69,33,without,5,0
60,1,without,4,0
60,2,with,6,1
60,3,with,6,1
60,4,without,3,0
60,5,with,5,1
60,6,with,6,1
60,7,without,3,0
60,8,without,5,0
60,9,without,5,0
60,10,with,7,1
60,11,with,6,1
60,12,without,6,0
60,13,with,6,1
60,14,with,6,1
60,15,with,5,1
60,16,with,7,1
60,17,without,4,0
60,18,with,7,1
60,19,without,5,0
60,20,without,3,0
60,21,without,4,0
60,22,without,6,0
60,23,without,6,0
60,24,without,3,0
60,25,without,5,0
60,26,without,2,0
60,27,without,3,0
60,28,with,6,1
60,29,with,5,1
60,30,without,4,0
60,31,with,5,1
60,32,with,4,1
60,33,without,5,0
50,1,with,3,1
50,2,with,6,1
50,3,without,5,0
50,4,with,7,1
50,5,with,4,1
50,6,without,2,0
50,7,with,4,1
50,8,with,3,1
50,9,without,4,0
50,10,without,3,0
50,11,with,3,1
50,12,with,4,1
50,13,with,5,1
50,14,with,4,1
50,15,without,4,0
50,16,with,5,1
50,17,with,6,1
50,18,with,6,1
50,19,without,4,0
50,20,with,6,1
50,21,with,6,1
50,22,without,4,0
50,23,with,2,1
50,24,with,5,1
50,25,without,4,0
50,26,with,3,1
50,27,with,6,1
50,28,without,2,0
50,29,without,2,0
50,30,without,4,0
50,31,without,2,0
50,32,with,2,1
50,33,without,4,0
28,1,without,4,0
28,2,without,4,0
28,3,without,4,0
28,4,without,4,0
28,5,without,4,0
28,6,with,5,1
28,7,without,4,0
28,8,with,7,1
28,9,without,4,0
28,10,without,3,0
28,11,with,3,1
28,12,without,5,0
28,13,with,4,1
28,14,without,3,0
28,15,without,5,0
28,16,without,4,0
28,17,with,5,1
28,18,without,4,0
28,19,without,5,0
28,20,without,3,0
28,21,with,5,1
28,22,with,6,1
28,23,with,5,1
28,24,with,4,1
28,25,without,4,0
28,26,without,3,0
28,27,with,5,1
28,28,without,3,0
28,29,without,3,0
28,30,with,7,1
28,31,with,5,1
28,32,with,3,1
28,33,with,5,1
49,1,with,1,1
49,2,with,6,1
49,3,without,4,0
49,4,without,1,0
49,5,without,1,0
49,6,without,1,0
49,7,with,1,1
49,8,with,2,1
49,9,with,1,1
49,10,without,1,0
49,11,with,2,1
49,12,without,2,0
49,13,without,3,0
49,14,without,1,0
49,15,without,3,0
49,16,without,2,0
49,17,without,1,0
49,18,with,4,1
49,19,without,4,0
49,20,without,1,0
49,21,without,1,0
49,22,with,5,1
49,23,with,1,1
49,24,with,2,1
49,25,without,1,0
49,26,with,1,1
49,27,with,1,1
49,28,with,1,1
49,29,without,2,0
49,30,with,1,1
49,31,with,1,1
49,32,with,1,1
49,33,with,2,1
31,1,without,4,0
31,2,with,6,1
31,3,with,3,1
31,4,without,6,0
31,5,without,7,0
31,6,without,4,0
31,7,without,6,0
31,8,without,4,0
31,9,with,5,1
31,10,with,4,1
31,11,with,3,1
31,12,without,5,0
31,13,with,4,1
31,14,without,3,0
31,15,with,4,1
31,16,with,6,1
31,17,without,3,0
31,18,with,4,1
31,19,with,5,1
31,20,without,3,0
31,21,with,5,1
31,22,without,6,0
31,23,with,3,1
31,24,with,3,1
31,25,with,6,1
31,26,with,3,1
31,27,without,3,0
31,28,with,4,1
31,29,without,4,0
31,30,without,5,0
31,31,without,5,0
31,32,without,3,0
31,33,without,5,0
17,1,with,3,1
17,2,without,4,0
17,3,with,5,1
17,4,without,3,0
17,5,without,5,0
17,6,with,2,1
17,7,without,2,0
17,8,without,2,0
17,9,with,5,1
17,10,without,3,0
17,11,with,1,1
17,12,with,5,1
17,13,with,5,1
17,14,without,3,0
17,15,with,3,1
17,16,without,2,0
17,17,with,4,1
17,18,without,3,0
17,19,without,1,0
17,20,with,4,1
17,21,with,6,1
17,22,without,5,0
17,23,with,2,1
17,24,with,4,1
17,25,with,6,1
17,26,with,5,1
17,27,with,4,1
17,28,without,2,0
17,29,without,2,0
17,30,without,3,0
17,31,with,4,1
17,32,with,1,1
17,33,without,3,0
12,1,without,5,0
12,2,with,6,1
12,3,with,5,1
12,4,without,5,0
12,5,without,6,0
12,6,without,4,0
12,7,without,5,0
12,8,without,7,0
12,9,without,7,0
12,10,with,3,1
12,11,without,3,0
12,12,without,7,0
12,13,without,6,0
12,14,without,5,0
12,15,without,7,0
12,16,with,5,1
12,17,with,2,1
12,18,with,6,1
12,19,with,7,1
12,20,without,3,0
12,21,without,5,0
12,22,without,7,0
12,23,with,2,1
12,24,with,4,1
12,25,without,7,0
12,26,with,3,1
12,27,with,7,1
12,28,without,4,0
12,29,with,6,1
12,30,with,1,1
12,31,with,7,1
12,32,with,4,1
12,33,without,6,0
66,1,with,4,1
66,2,without,5,0
66,3,with,3,1
66,4,without,5,0
66,5,with,3,1
66,6,without,1,0
66,7,without,2,0
66,8,with,4,1
66,9,with,4,1
66,10,without,2,0
66,11,with,2,1
66,12,without,5,0
66,13,without,3,0
66,14,with,3,1
66,15,without,2,0
66,16,with,7,1
66,17,with,4,1
66,18,without,5,0
66,19,with,6,1
66,20,with,2,1
66,21,with,5,1
66,22,with,7,1
66,23,with,1,1
66,24,without,1,0
66,25,without,4,0
66,26,with,5,1
66,27,with,6,1
66,28,without,2,0
66,29,with,3,1
66,30,with,1,1
66,31,with,5,1
66,32,without,1,0
66,33,with,5,1
9,1,with,5,1
9,2,without,2,0
9,3,without,5,0
9,4,with,4,1
9,5,without,2,0
9,6,without,1,0
9,7,with,5,1
9,8,without,3,0
9,9,without,1,0
9,10,with,3,1
9,11,with,4,1
9,12,with,6,1
9,13,with,6,1
9,14,with,3,1
9,15,with,6,1
9,16,with,5,1
9,17,without,1,0
9,18,with,4,1
9,19,with,2,1
9,20,without,1,0
9,21,without,1,0
9,22,without,5,0
9,23,without,2,0
9,24,without,1,0
9,25,with,4,1
9,26,with,2,1
9,27,without,1,0
9,28,with,5,1
9,29,without,1,0
9,30,without,2,0
9,31,with,3,1
9,32,with,3,1
9,33,with,6,1
82,1,without,3,0
82,2,without,5,0
82,3,without,5,0
82,4,with,6,1
82,5,with,4,1
82,6,without,4,0
82,7,with,5,1
82,8,without,5,0
82,9,without,4,0
82,10,with,5,1
82,11,without,5,0
82,12,without,7,0
82,13,with,5,1
82,14,without,5,0
82,15,without,5,0
82,16,without,5,0
82,17,with,3,1
82,18,without,4,0
82,19,without,5,0
82,20,without,4,0
82,21,with,6,1
82,22,with,7,1
82,23,without,3,0
82,24,with,7,1
82,25,with,7,1
82,26,without,4,0
82,27,without,4,0
82,28,with,7,1
82,29,without,4,0
82,30,with,3,1
82,31,without,4,0
82,32,without,3,0
82,33,without,4,0
51,1,with,1,1
51,2,without,4,0
51,3,with,5,1
51,4,without,3,0
51,5,with,4,1
51,6,with,3,1
51,7,without,2,0
51,8,with,7,1
51,9,with,3,1
51,10,without,1,0
51,11,with,3,1
51,12,without,6,0
51,13,with,1,1
51,14,without,1,0
51,15,without,6,0
51,16,without,5,0
51,17,without,2,0
51,18,without,4,0
51,19,with,2,1
51,20,with,3,1
51,21,with,1,1
51,22,with,5,1
51,23,without,2,0
51,24,with,1,1
51,25,without,5,0
51,26,without,1,0
51,27,without,1,0
51,28,without,1,0
51,29,without,2,0
51,30,without,1,0
51,31,without,3,0
51,32,with,4,1
51,33,with,1,1
80,1,with,2,1
80,2,with,7,1
80,3,with,6,1
80,4,without,1,0
80,5,without,2,0
80,6,with,1,1
80,7,without,1,0
80,8,with,6,1
80,9,with,6,1
80,10,without,3,0
80,11,without,2,0
80,12,with,6,1
80,13,with,5,1
80,14,without,1,0
80,15,without,5,0
80,16,without,5,0
80,17,with,2,1
80,18,without,2,0
80,19,without,1,0
80,20,without,3,0
80,21,without,2,0
80,22,without,5,0
80,23,with,1,1
80,24,without,3,0
80,25,with,6,1
80,26,with,7,1
80,27,with,2,1
80,28,with,5,1
80,29,without,3,0
80,30,with,3,1
80,31,without,1,0
80,32,without,1,0
80,33,with,7,1
34,1,with,5,1
34,2,with,6,1
34,3,without,4,0
34,4,with,4,1
34,5,with,5,1
34,6,with,4,1
34,7,with,4,1
34,8,with,5,1
34,9,without,4,0
34,10,with,5,1
34,11,without,4,0
34,12,with,4,1
34,13,with,4,1
34,14,without,4,0
34,15,without,4,0
34,16,with,5,1
34,17,with,4,1
34,18,without,4,0
34,19,with,6,1
34,20,with,4,1
34,21,with,5,1
34,22,without,5,0
34,23,without,4,0
34,24,without,3,0
34,25,without,5,0
34,26,without,3,0
34,27,without,3,0
34,28,with,6,1
34,29,with,4,1
34,30,with,4,1
34,31,without,3,0
34,32,without,3,0
34,33,with,6,1
64,1,with,5,1
64,2,without,3,0
64,3,without,4,0
64,4,without,4,0
64,5,with,4,1
64,6,with,4,1
64,7,with,6,1
64,8,with,5,1
64,9,with,3,1
64,10,without,2,0
64,11,with,7,1
64,12,with,5,1
64,13,without,7,0
64,14,with,4,1
64,15,with,2,1
64,16,with,6,1
64,17,without,3,0
64,18,with,7,1
64,19,with,4,1
64,20,without,3,0
64,21,with,6,1
64,22,without,4,0
64,23,with,4,1
64,24,with,5,1
64,25,without,6,0
64,26,with,4,1
64,27,with,5,1
64,28,with,6,1
64,29,with,3,1
64,30,without,5,0
64,31,without,2,0
64,32,without,4,0
64,33,without,5,0
88,1,without,2,0
88,2,without,5,0
88,3,without,5,0
88,4,with,5,1
88,5,without,3,0
88,6,without,3,0
88,7,with,3,1
88,8,without,4,0
88,9,with,5,1
88,10,with,3,1
88,11,with,5,1
88,12,with,6,1
88,13,without,5,0
88,14,with,5,1
88,15,with,5,1
88,16,without,2,0
88,17,with,4,1
88,18,with,6,1
88,19,with,3,1
88,20,without,2,0
88,21,with,5,1
88,22,without,6,0
88,23,without,4,0
88,24,without,3,0
88,25,with,6,1
88,26,with,4,1
88,27,with,5,1
88,28,with,4,1
88,29,without,4,0
88,30,without,5,0
88,31,with,6,1
88,32,with,3,1
88,33,with,5,1
112,1,without,2,0
112,2,with,5,1
112,3,without,3,0
112,4,with,6,1
112,5,with,4,1
112,6,without,1,0
112,7,with,3,1
112,8,without,3,0
112,9,with,5,1
112,10,without,2,0
112,11,without,2,0
112,12,with,5,1
112,13,with,2,1
112,14,with,4,1
112,15,without,5,0
112,16,without,5,0
112,17,with,5,1
112,18,with,6,1
112,19,without,2,0
112,20,with,5,1
112,21,without,2,0
112,22,without,4,0
112,23,without,4,0
112,24,with,4,1
112,25,with,4,1
112,26,without,3,0
112,27,with,4,1
112,28,without,3,0
112,29,with,5,1
112,30,without,4,0
112,31,with,6,1
112,32,with,2,1
112,33,without,5,0
10,1,with,3,1
10,2,without,2,0
10,3,with,6,1
10,4,without,2,0
10,5,with,3,1
10,6,without,1,0
10,7,without,2,0
10,8,with,4,1
10,9,without,2,0
10,10,with,2,1
10,11,with,3,1
10,12,without,4,0
10,13,with,5,1
10,14,with,5,1
10,15,without,3,0
10,16,without,3,0
10,17,with,4,1
10,18,without,4,0
10,19,without,3,0
10,20,without,1,0
10,21,without,2,0
10,22,with,5,1
10,23,without,3,0
10,24,with,1,1
10,25,with,6,1
10,26,with,4,1
10,27,without,1,0
10,28,without,3,0
10,29,without,1,0
10,30,with,3,1
10,31,without,2,0
10,32,with,4,1
10,33,with,5,1
36,1,with,3,1
36,2,with,6,1
36,3,with,5,1
36,4,without,3,0
36,5,without,2,0
36,6,with,3,1
36,7,with,5,1
36,8,with,3,1
36,9,without,2,0
36,10,with,3,1
36,11,with,3,1
36,12,without,3,0
36,13,with,4,1
36,14,with,3,1
36,15,with,6,1
36,16,without,3,0
36,17,without,2,0
36,18,without,2,0
36,19,without,3,0
36,20,without,1,0
36,21,with,5,1
36,22,without,5,0
36,23,with,2,1
36,24,with,3,1
36,25,with,6,1
36,26,without,1,0
36,27,without,1,0
36,28,with,6,1
36,29,without,2,0
36,30,without,2,0
36,31,without,1,0
36,32,without,2,0
36,33,without,3,0
65,1,with,4,1
65,2,without,4,0
65,3,with,1,1
65,4,with,5,1
65,5,without,4,0
65,6,without,3,0
65,7,without,3,0
65,8,with,4,1
65,9,with,2,1
65,10,without,3,0
65,11,without,5,0
65,12,with,2,1
65,13,with,4,1
65,14,without,3,0
65,15,without,4,0
65,16,without,4,0
65,17,with,2,1
65,18,without,3,0
65,19,with,6,1
65,20,without,2,0
65,21,with,5,1
65,22,without,6,0
65,23,with,1,1
65,24,without,3,0
65,25,with,5,1
65,26,with,2,1
65,27,without,3,0
65,28,without,3,0
65,29,without,2,0
65,30,without,3,0
65,31,without,4,0
65,32,without,3,0
65,33,with,5,1
29,1,without,2,0
29,2,without,5,0
29,3,with,5,1
29,4,without,4,0
29,5,without,3,0
29,6,with,3,1
29,7,with,3,1
29,8,without,3,0
29,9,without,3,0
29,10,with,3,1
29,11,without,3,0
29,12,with,4,1
29,13,without,6,0
29,14,without,5,0
29,15,with,2,1
29,16,with,4,1
29,17,without,1,0
29,18,with,3,1
29,19,without,4,0
29,20,with,6,1
29,21,without,2,0
29,22,without,6,0
29,23,with,2,1
29,24,without,3,0
29,25,with,2,1
29,26,with,5,1
29,27,without,2,0
29,28,without,3,0
29,29,with,4,1
29,30,without,4,0
29,31,without,2,0
29,32,without,4,0
29,33,with,3,1
94,1,with,3,1
94,2,with,7,1
94,3,without,5,0
94,4,without,2,0
94,5,without,1,0
94,6,without,2,0
94,7,with,4,1
94,8,with,6,1
94,9,without,2,0
94,10,with,4,1
94,11,without,1,0
94,12,with,6,1
94,13,with,4,1
94,14,with,3,1
94,15,without,4,0
94,16,with,5,1
94,17,with,4,1
94,18,with,6,1
94,19,without,2,0
94,20,without,1,0
94,21,with,7,1
94,22,with,7,1
94,23,with,4,1
94,24,with,4,1
94,25,without,4,0
94,26,without,1,0
94,27,with,4,1
94,28,with,7,1
94,29,with,2,1
94,30,without,4,0
94,31,without,1,0
94,32,with,5,1
94,33,with,5,1
14,1,without,2,0
14,2,without,3,0
14,3,with,7,1
14,4,without,4,0
14,5,without,5,0
14,6,without,2,0
14,7,with,6,1
14,8,with,6,1
14,9,with,3,1
14,10,with,6,1
14,11,with,7,1
14,12,without,4,0
14,13,without,4,0
14,14,with,4,1
14,15,without,5,0
14,16,without,4,0
14,17,with,3,1
14,18,with,6,1
14,19,with,4,1
14,20,without,3,0
14,21,with,7,1
14,22,without,5,0
14,23,with,4,1
14,24,with,6,1
14,25,without,4,0
14,26,with,4,1
14,27,with,3,1
14,28,with,3,1
14,29,without,3,0
14,30,with,7,1
14,31,without,3,0
14,32,without,4,0
14,33,with,6,1
48,1,with,4,1
48,2,with,5,1
48,3,with,5,1
48,4,without,4,0
48,5,without,3,0
48,6,without,3,0
48,7,without,5,0
48,8,with,4,1
48,9,with,4,1
48,10,with,3,1
48,11,with,6,1
48,12,with,5,1
48,13,with,5,1
48,14,without,3,0
48,15,with,5,1
48,16,with,5,1
48,17,with,4,1
48,18,with,6,1
48,19,without,3,0
48,20,with,5,1
48,21,with,6,1
48,22,without,5,0
48,23,with,3,1
48,24,with,4,1
48,25,with,6,1
48,26,without,3,0
48,27,with,3,1
48,28,without,4,0
48,29,without,3,0
48,30,without,4,0
48,31,without,3,0
48,32,without,2,0
48,33,without,4,0
32,1,without,3,0
32,2,without,5,0
32,3,without,6,0
32,4,with,5,1
32,5,without,4,0
32,6,with,6,1
32,7,without,5,0
32,8,with,6,1
32,9,without,4,0
32,10,without,3,0
32,11,with,1,1
32,12,without,3,0
32,13,with,2,1
32,14,with,7,1
32,15,without,6,0
32,16,without,6,0
32,17,without,3,0
32,18,with,5,1
32,19,with,7,1
32,20,with,6,1
32,21,with,2,1
32,22,without,5,0
32,23,without,3,0
32,24,with,1,1
32,25,with,3,1
32,26,with,2,1
32,27,with,6,1
32,28,with,7,1
32,29,with,3,1
32,30,with,7,1
32,31,with,7,1
32,32,without,2,0
32,33,with,2,1
73,1,without,2,0
73,2,with,6,1
73,3,with,5,1
73,4,without,2,0
73,5,with,6,1
73,6,without,3,0
73,7,without,3,0
73,8,with,6,1
73,9,with,4,1
73,10,with,5,1
73,11,with,3,1
73,12,without,3,0
73,13,without,4,0
73,14,without,3,0
73,15,without,5,0
73,16,without,6,0
73,17,with,4,1
73,18,without,5,0
73,19,with,5,1
73,20,with,5,1
73,21,with,6,1
73,22,without,4,0
73,23,with,5,1
73,24,without,3,0
73,25,without,4,0
73,26,with,6,1
73,27,with,5,1
73,28,with,5,1
73,29,without,2,0
73,30,without,3,0
73,31,with,5,1
73,32,with,4,1
73,33,with,5,1
16,1,with,4,1
16,2,with,5,1
16,3,without,5,0
16,4,without,4,0
16,5,without,5,0
16,6,with,5,1
16,7,without,4,0
16,8,without,3,0
16,9,without,3,0
16,10,with,4,1
16,11,without,6,0
16,12,without,2,0
16,13,without,5,0
16,14,with,4,1
16,15,without,5,0
16,16,without,5,0
16,17,with,6,1
16,18,without,4,0
16,19,without,2,0
16,20,with,5,1
16,21,without,4,0
16,22,without,5,0
16,23,with,3,1
16,24,without,3,0
16,25,without,5,0
16,26,with,5,1
16,27,without,1,0
16,28,with,6,1
16,29,without,2,0
16,30,without,3,0
16,31,without,5,0
16,32,with,2,1
16,33,without,3,0
30,1,with,3,1
30,2,with,5,1
30,3,without,5,0
30,4,with,5,1
30,5,with,5,1
30,6,with,3,1
30,7,without,3,0
30,8,with,4,1
30,9,with,4,1
30,10,with,5,1
30,11,with,2,1
30,12,without,3,0
30,13,with,5,1
30,14,with,5,1
30,15,with,4,1
30,16,without,6,0
30,17,without,2,0
30,18,without,3,0
30,19,with,4,1
30,20,without,3,0
30,21,with,5,1
30,22,without,6,0
30,23,with,3,1
30,24,with,3,1
30,25,with,5,1
30,26,with,4,1
30,27,with,3,1
30,28,without,3,0
30,29,without,3,0
30,30,with,4,1
30,31,with,5,1
30,32,without,4,0
30,33,with,5,1
